Label Name;Performance
Dx UDP0001 v1.0  (GAACTGAGCG-TCGTGGAGCG);1,19
Dx UDP0002 v1.0  (AGGTCAGATA-CTACAAGATA);0,82
Dx UDP0003 v1.0  (CGTCTCATAT-TATAGTAGCT);0,95
Dx UDP0004 v1.0  (ATTCCATAAG-TGCCTGGTGG);1,07
Dx UDP0005 v1.0  (GACGAGATTA-ACATTATCCT);0,95
Dx UDP0006 v1.0  (AACATCGCGC-GTCCACTTGT);1,21
Dx UDP0007 v1.0  (CTAGTGCTCT-TGGAACAGTA);1,07
Dx UDP0008 v1.0  (GATCAAGGCA-CCTTGTTAAT);1,16
Dx UDP0009 v1.0  (GACTGAGTAG-GTTGATAGTG);1,18
Dx UDP0010 v1.0  (AGTCAGACGA-ACCAGCGACA);1,09
Dx UDP0011 v1.0  (CCGTATGTTC-CATACACTGT);0,82
Dx UDP0012 v1.0  (GAGTCATAGG-GTGTGGCGCT);0,76
Dx UDP0013 v1.0  (CTTGCCATTA-ATCACGAAGG);0,89
Dx UDP0014 v1.0  (GAAGCGGCAC-CGGCTCTACT);1,07
Dx UDP0015 v1.0  (TCCATTGCCG-GAATGCACGA);0,98
Dx UDP0016 v1.0  (CGGTTACGGC-AAGACTATAG);0,93
Dx UDP0017 v1.0  (GAGAATGGTT-TCGGCAGCAA);1,07
Dx UDP0018 v1.0  (AGAGGCAACC-CTAATGATGG);0,74
Dx UDP0019 v1.0  (CCATCATTAG-GGTTGCCTCT);0,81
Dx UDP0020 v1.0  (GATAGGCCGA-CGCACATGGC);0,92
Dx UDP0021 v1.0  (ATGGTTGACT-GGCCTGTCCT);1,01
Dx UDP0022 v1.0  (TATTGCGCTC-CTGTGTTAGG);1,24
Dx UDP0023 v1.0  (ACGCCTTGTT-TAAGGAACGT);1,21
Dx UDP0024 v1.0  (TTCTACATAC-CTAACTGTAA);1,14
Dx UDP0025 v1.0  (AACCATAGAA-GGCGAGATGG);1,02
Dx UDP0026 v1.0  (GGTTGCGAGG-AATAGAGCAA);1,02
Dx UDP0027 v1.0  (TAAGCATCCA-TCAATCCATT);0,83
Dx UDP0028 v1.0  (ACCACGACAT-TCGTATGCGG);1,42
Dx UDP0029 v1.0  (GCCGCACTCT-TCCGACCTCG);0,85
Dx UDP0030 v1.0  (CCACCAGGCA-CTTATGGAAT);1,04
Dx UDP0031 v1.0  (GTGACACGCA-GCTTACGGAC);0,86
Dx UDP0032 v1.0  (ACAGTGTATG-GAACATACGG);0,8
Dx UDP0033 v1.0  (TGATTATACG-GTCGATTACA);0,84
Dx UDP0034 v1.0  (CAGCCGCGTA-ACTAGCCGTG);1,09
Dx UDP0035 v1.0  (GGTAACTCGC-AAGTTGGTGA);0,78
Dx UDP0036 v1.0  (ACCGGCCGTA-TGGCAATATT);1,08
Dx UDP0037 v1.0  (TGTAATCGAC-GATCACCGCG);1,03
Dx UDP0038 v1.0  (GTGCAGACAG-TACCATCCGT);0,91
Dx UDP0039 v1.0  (CAATCGGCTG-GCTGTAGGAA);0,84
Dx UDP0040 v1.0  (TATGTAGTCA-CGCACTAATG);0,97
Dx UDP0041 v1.0  (ACTCGGCAAT-GACAACTGAA);1,2
Dx UDP0042 v1.0  (GTCTAATGGC-AGTGGTCAGG);1,03
Dx UDP0043 v1.0  (CCATCTCGCC-TTCTATGGTT);1,09
Dx UDP0044 v1.0  (CTGCGAGCCA-AATCCGGCCA);0,96
Dx UDP0045 v1.0  (CGTTATTCTA-CCATAAGGTT);0,87
Dx UDP0046 v1.0  (AGATCCATTA-ATCTCTACCA);0,7
Dx UDP0047 v1.0  (GTCCTGGATA-CGGTGGCGAA);1,2
Dx UDP0048 v1.0  (CAGTGGCACT-TAACAATAGG);1,09
Dx UDP0049 v1.0  (AGTGTTGCAC-CTGGTACACG);1
Dx UDP0050 v1.0  (GACACCATGT-TCAACGTGTA);0,77
Dx UDP0051 v1.0  (CCTGTCTGTC-ACTGTTGTGA);0,89
Dx UDP0052 v1.0  (TGATGTAAGA-GTGCGTCCTT);1,01
Dx UDP0053 v1.0  (GGAATTGTAA-AGCACATCCT);1
Dx UDP0054 v1.0  (GCATAAGCTT-TTCCGTCGCA);1,32
Dx UDP0055 v1.0  (CTGAGGAATA-CTTAACCACT);1,05
Dx UDP0056 v1.0  (AACGCACGAG-GCCTCGGATA);0,91
Dx UDP0057 v1.0  (TCTATCCTAA-CGTCGACTGG);0,9
Dx UDP0058 v1.0  (CTCGCTTCGG-TACTAGTCAA);0,73
Dx UDP0059 v1.0  (CTGTTGGTCC-ATAGACCGTT);0,99
Dx UDP0060 v1.0  (TTACCTGGAA-ACAGTTCCAG);1,18
Dx UDP0061 v1.0  (TGGCTAATCA-AGGCATGTAG);0,88
Dx UDP0062 v1.0  (AACACTGTTA-GCAAGTCTCA);0,97
Dx UDP0063 v1.0  (ATTGCGCGGT-TTGGCTCCGC);1,27
Dx UDP0064 v1.0  (TGGCGCGAAC-AACTGATACT);0,94
Dx UDP0065 v1.0  (TAATGTGTCT-GTAAGGCATA);0,98
Dx UDP0066 v1.0  (ATACCAACGC-AATTGCTGCG);1,11
Dx UDP0067 v1.0  (AGGATGTGCT-TTACAATTCC);0,95
Dx UDP0068 v1.0  (CACGGAACAA-AACCTAGCAC);1,1
Dx UDP0069 v1.0  (TGGAGTACTT-TCTGTGTGGA);1,42
Dx UDP0070 v1.0  (GTATTGACGT-GGAATTCCAA);1,22
Dx UDP0071 v1.0  (CTTGTACACC-AAGCGCGCTT);0,95
Dx UDP0072 v1.0  (ACACAGGTGG-TGAGCGTTGT);1,15
Dx UDP0073 v1.0  (CCTGCGGAAC-ATCATAGGCT);1,15
Dx UDP0074 v1.0  (TTCATAAGGT-TGTTAGAAGG);1,09
Dx UDP0075 v1.0  (CTCTGCAGCG-GATGGATGTA);1,07
Dx UDP0076 v1.0  (CTGACTCTAC-ACGGCCGTCA);0,86
Dx UDP0077 v1.0  (TCTGGTATCC-CGTTGCTTAC);0,88
Dx UDP0078 v1.0  (CATTAGTGCG-TGACTACATA);1,36
Dx UDP0079 v1.0  (ACGGTCAGGA-CGGCCTCGTT);0,94
Dx UDP0080 v1.0  (GGCAAGCCAG-CAAGCATCCG);0,73
Dx UDP0081 v1.0  (TGTCGCTGGT-TCGTCTGACT);1,03
Dx UDP0082 v1.0  (ACCGTTACAA-CTCATAGCGA);1,08
Dx UDP0083 v1.0  (TATGCCTTAC-AGACACATTA);0,96
Dx UDP0084 v1.0  (ACAAGTGGAC-GCGCGATGTT);1,05
Dx UDP0085 v1.0  (TGGTACCTAA-CATGAGTACT);0,92
Dx UDP0086 v1.0  (TTGGAATTCC-ACGTCAATAC);0,95
Dx UDP0087 v1.0  (CCTCTACATG-GATACCTCCT);1,08
Dx UDP0088 v1.0  (GGAGCGTGTA-ATCCGTAAGT);0,96
Dx UDP0089 v1.0  (GTCCGTAAGC-CGTGTATCTT);1,03
Dx UDP0090 v1.0  (ACTTCAAGCG-GAACCATGAA);0,96
Dx UDP0091 v1.0  (TCAGAAGGCG-GGCCATCATA);0,7
Dx UDP0092 v1.0  (GCGTTGGTAT-ACATACTTCC);1,28
Dx UDP0093 v1.0  (ACATATCCAG-TATGTGCAAT);1,01
Dx UDP0094 v1.0  (TCATAGATTG-GATTAAGGTG);1,09
Dx UDP0095 v1.0  (GTATTCCACC-ATGTAGACAA);0,98
Dx UDP0096 v1.0  (CCTCCGTCCA-CACATCGGTG);1,1